,MSE,R2,cvMSE,n_components
RADA880104,0.20923844248431114,0.9607553736532607,0.32209445034217343,4
COSI940101,0.1654666410698087,0.9689651842914977,0.32576703759447534,6
VELV850101,0.16504509730102104,0.9690442487669279,0.32890060875465776,6
ROSM880101,0.17663165423201213,0.9668710816758181,0.3422134406280768,8
RACS820113,0.15701878473471909,0.970549658737805,0.3504617913766975,7
CORJ870103,0.13897875775636018,0.9739332344786914,0.3508989510810674,9
GRAR740102,0.2243911725885774,0.9579133374384313,0.3590079153253669,5
FAUJ880110,0.1835288257290449,0.9655774526703799,0.3662658130741812,8
RADA880105,0.2578251928369535,0.9516424743200766,0.3726004975369552,3
HOPA770101,0.23414131581574812,0.9560846069086377,0.37305358013497203,5
PRAM820103,0.23145040748830073,0.9565893119264641,0.3747676857393717,4
ISOY800106,0.13014628721569776,0.9755898469155426,0.3758576424995729,10
CORJ870104,0.24018491997065333,0.9549510724393939,0.37826797387721744,4
WOEC730101,0.2518227374451727,0.9527682909540399,0.3782870661701856,4
GEOR030107,0.23561872782251844,0.9558075044724053,0.37910032546140293,2
TANS770108,0.2585104308670303,0.9515139515203003,0.38141875051594976,2
CHOP780201,0.2291473049970189,0.9570212803335859,0.38331661670808265,5
MEEJ810102,0.15310570794311704,0.9712835928788223,0.3862558865701013,10
ISOY800107,0.22926783203884415,0.956998674359918,0.3868098457652555,5
QIAN880138,0.16947126923131908,0.968214078835014,0.3908961182223317,9
GEOR030104,0.22554339662899248,0.9576972270459196,0.39329226535075723,3
AURR980110,0.14875203700602924,0.9721001645715478,0.3939024549412949,10
CORJ870108,0.21387420378860264,0.9598858932745142,0.39411338854538497,5
QIAN880112,0.23118926632443237,0.9566382913935165,0.394283862285732,4
RADA880103,0.1493638091296002,0.9719854209894706,0.394998658148881,10
AURR980104,0.24759246310643263,0.9535617184609404,0.3962777170792562,3
TANS770101,0.24528342415087898,0.9539948003074445,0.39780923909786636,4
BASU050101,0.2138819316354504,0.9598844438445796,0.3996063439517864,6
AURR980111,0.22744282488027198,0.9573409715170175,0.4004680422932938,4
ISOY800104,0.19922454537751674,0.9626335736893765,0.40093668071704264,5
JACR890101,0.21382664741919688,0.9598948129162663,0.401100450870271,8
PRAM820102,0.23497359123202932,0.9559285058722233,0.40291584661459323,4
ROSM880105,0.2246591057856441,0.9578630840620443,0.40331074774848813,5
KUMS000103,0.20747177560913413,0.9610867285447056,0.4035637451247434,6
NAKH900103,0.20789624750571625,0.9610071148715283,0.4043810260057458,8
PRAM900101,0.2328468095118287,0.9563274036700629,0.4047354845647499,6
QIAN880106,0.2470960301152408,0.9536548291102751,0.4058681407903644,3
QIAN880122,0.23290612482567633,0.95631627852833,0.4068878883990464,4
CORJ870107,0.2149307915818141,0.9596877203544008,0.4076705701255521,5
WERD780103,0.23303356435022957,0.9562923760538922,0.4079006422316245,5
CHOP780207,0.21665875515441804,0.959363624629244,0.4083776083482364,5
FASG760105,0.20521001596065505,0.9615109427150885,0.40876455302316245,6
CHAM820102,0.27346627648407656,0.9487088428319935,0.4093314432837958,4
ROBB760101,0.2415732916028404,0.9546906703579758,0.4099968341761025,4
ROBB790101,0.19291072568286227,0.9638177896097181,0.4108176046414043,7
RICJ880115,0.2965164364077738,0.9443855698105653,0.41176064899343795,2
ENGD860101,0.23608188231934876,0.9557206355158545,0.41238128410801783,6
AURR980103,0.2622516843950538,0.9508122444389798,0.41302376251643813,4
PALJ810115,0.201359330915004,0.9622331747007662,0.41374352522216334,7
MAXF760105,0.17096485391339342,0.9679339430623076,0.4138711687334401,8
NAKH900107,0.2789853140337468,0.9476736957344583,0.41398251943416103,2
AURR980118,0.23139264785670974,0.9566001452854435,0.4141620329890941,3
NISK860101,0.1692383609679533,0.9682577629575888,0.41446452551347135,9
QIAN880128,0.25775961011419724,0.9516547749729529,0.41477144969124913,3
QIAN880109,0.1566291085873266,0.9706227461428681,0.41497448829748346,9
FUKS010112,0.13596375936786792,0.9744987256178318,0.41544058901847264,10
AVBF000101,0.14731612727119858,0.9723694828686159,0.4156920027544537,9
ZIMJ680104,0.23245750932700743,0.9564004205598304,0.4194922669810263,6
VHEG790101,0.2564105036374672,0.9519078125073209,0.42156693622349456,5
OOBM770103,0.16348698172116172,0.9693364879129023,0.4227515897988763,10
NAKH900110,0.22717300159961148,0.9573915793962554,0.42317330998708075,4
SNEP660101,0.14346507308936002,0.9730917840892371,0.42481997027179896,9
EISD860101,0.21622851797947998,0.9594443196342844,0.42581372141943313,8
MAXF760101,0.2590514281692652,0.9514124824177361,0.42651736351975306,4
PONP800106,0.16772887469770623,0.9685408812218429,0.4265595471971726,10
NAKH900108,0.2150966332606423,0.9596566151968539,0.42741250182287666,6
MEEJ810101,0.23004131816729348,0.9568535998041386,0.4276224267321334,5
MANP780101,0.222044419640305,0.9583534928969101,0.4276433835693747,5
KARP850102,0.24684416680684862,0.9537020684287816,0.42833395644069555,4
NISK800101,0.20720128705826782,0.9611374612015912,0.4287609233435173,7
CHOP780101,0.1859929285614668,0.965115287143863,0.42884572978506885,8
FUKS010102,0.21360541201175645,0.9599363076855668,0.4292961284826092,8
RACS820101,0.275354294152466,0.9483547274646057,0.430018888864559,3
NADH010105,0.27570785314379914,0.9482884141698705,0.43178531414346505,2
FASG890101,0.22806424422576776,0.9572244185082631,0.4318206932356395,8
PARJ860101,0.2466990177391588,0.9537292924936256,0.4324027932338213,3
PALJ810102,0.23543170832223093,0.9558425817283875,0.43255660295368586,5
FUKS010109,0.24018935501302424,0.954950240605728,0.4329756085453407,6
QIAN880121,0.15735368289197452,0.9704868454569868,0.4333205409467859,9
ROSM880104,0.24316482796521607,0.9543921628317436,0.43354958349686623,5
GEIM800103,0.1605443107894333,0.9698884133612373,0.4343875111105143,10
QIAN880111,0.14621208572064762,0.972576556184629,0.4348763226907377,10
PUNT030102,0.2286992731208403,0.9571053129012312,0.43571313120292293,7
AURR980101,0.19572239569070027,0.963290434609567,0.4365733844765644,6
JOND920102,0.24717248035003253,0.9536404901539013,0.43699231597104155,5
ZHOH040102,0.24662742432304735,0.9537427205082429,0.4371074588859768,5
RACS820114,0.22723672058448605,0.9573796283048455,0.43780892067124205,5
CORJ870101,0.2485843489956466,0.9533756809879089,0.4401238301221959,4
QIAN880136,0.19755196505668313,0.9629472817678093,0.4409882927526442,6
SNEP660104,0.24513179746914848,0.95402323930937,0.4409923856862022,4
QIAN880116,0.22519609124725898,0.9577623674177008,0.4414123997550699,6
MAXF760103,0.22905361271125008,0.9570388531978403,0.44163422774053096,7
QIAN880104,0.23775207965585565,0.955407374388414,0.44233145081311953,6
NAKH900105,0.21065184302690226,0.9604902771656665,0.44244147730176203,7
NAKH920108,0.18386728212331338,0.9655139720089392,0.4424467307460261,10
JANJ780102,0.1932250025445902,0.9637588440456931,0.4440565454166347,10
KANM800101,0.22673256520487656,0.9574741873603353,0.44467814511135867,5
PARS000101,0.18011474042684775,0.9662177962917996,0.4448132022213708,8
FAUJ880108,0.24566231658189294,0.9539237354892199,0.4458985677090689,3
PALJ810114,0.21552863316949264,0.959575589574586,0.446642590658544,9
PALJ810113,0.24863296984706906,0.9533665616926013,0.44682451715050747,4
LEVM780101,0.2160365329052248,0.9594803282300942,0.4468477076512838,7
PRAM900102,0.2160365329052248,0.9594803282300942,0.4468477076512838,7
CHOP780209,0.26406645574389165,0.9504718671037048,0.4469471704191313,5
TANS770103,0.2941122618567973,0.944836495227545,0.44706214366449903,4
OOBM850104,0.2391938820424816,0.9551369508694031,0.4470748922430303,5
BLAS910101,0.2509680194714104,0.9529286013019563,0.4480863985317047,5
GUYH850101,0.18347517809165273,0.9655875147863986,0.4481576114046514,10
GEIM800106,0.16304175833320786,0.9694199937223206,0.44874440744525035,10
QIAN880110,0.21683993234756518,0.9593296431525937,0.4488398126017258,6
KARS160115,0.2191499521015381,0.9588963773481752,0.44921199114785426,7
FUKS010101,0.24561857435921797,0.953931939752089,0.44941256852552414,8
RACS820106,0.22393326365306546,0.9579992225409087,0.44954425911540963,6
PTIO830101,0.16043349196700749,0.9699091984675813,0.4502934256588758,10
WOLR810101,0.20593410223507666,0.9613751335638394,0.4513061801649758,10
ARGP820103,0.2139189457710412,0.9598775014973533,0.4518038610954058,7
KARP850101,0.2229227673308152,0.9581887505746708,0.45187187995298533,6
PONP930101,0.22386012834627045,0.9580129397515411,0.45268058457558985,6
AURR980107,0.24779704749707457,0.9535233467455339,0.4528689566162126,5
RICJ880108,0.3024538031296801,0.9432719611652407,0.45319865065550186,2
RACS820111,0.2528974850852108,0.9525667119848527,0.4532898134558568,5
CEDJ970104,0.24325923795894142,0.9543744553546512,0.4536681696927487,4
RACS770103,0.24587381287906604,0.9538840673811145,0.4539371365322886,6
DESM900102,0.19166175978446875,0.9640520448422667,0.4542159060444786,10
CHOP780210,0.25381363942265217,0.952394878672475,0.45500884900772026,4
FAUJ880106,0.23928289300819744,0.9551202560304968,0.45542771516338343,5
CHOP780202,0.25610016673919417,0.9519660190943597,0.45562671357742923,4
QIAN880108,0.22407533092009219,0.9579725764965951,0.45747716067559613,5
KUMS000102,0.21862445431448552,0.9589949393717405,0.45803862094129555,7
FASG760104,0.16942240947404238,0.9682232429393485,0.4582103768586416,8
GUYH850103,0.21821905401633093,0.959070975988306,0.45827381099147724,7
RICJ880116,0.2540973751670513,0.9523416613805761,0.45899710701092195,4
NAKH900112,0.20861770789705258,0.9608717982292049,0.45915791199376504,7
QIAN880124,0.16859747356485708,0.9683779673825799,0.46173308241789973,9
ISOY800102,0.1862549024652369,0.9650661514886555,0.46187407373232436,8
CHOP780206,0.23951104367046727,0.9550774642404929,0.4624111803402117,6
QIAN880139,0.1866417884954212,0.9649935873961633,0.46265898761367524,8
OOBM850102,0.26758956181677823,0.9498110756173567,0.4633566212013389,5
CRAJ730101,0.22361952312388023,0.9580580675107504,0.4634633904169721,7
MAXF760104,0.283814335213671,0.9467679676589837,0.4649539315791814,4
OOBM850101,0.15121658039104952,0.9716379164152716,0.46541200604983696,9
RADA880107,0.2253976894536792,0.957724555789067,0.4656564280318698,9
TANS770107,0.1813835121720275,0.965979826287494,0.46573093487878464,10
RICJ880103,0.2141123444576611,0.9598412277653267,0.4673281900841696,7
DAYM780201,0.17202072362730023,0.9677359048246821,0.4680011858679022,9
QIAN880129,0.2543096506806137,0.9523018471231509,0.4689425803155245,4
QIAN880117,0.25248554434637177,0.9526439753222241,0.47036147300592973,4
CHAM830102,0.2104658751759788,0.9605251571749772,0.4704564620509242,7
CORJ870106,0.15789929965434765,0.9703845099314801,0.4707960063266353,10
PUNT030101,0.22602685797925237,0.9576065493491314,0.47152502556762094,7
MEIH800101,0.21630500378659265,0.9594299740059891,0.4716803716322123,7
PALJ810112,0.18906748717010785,0.964538624928523,0.4725543228561164,7
QIAN880137,0.21450908541293678,0.9597668152894863,0.4731331155545574,7
MIYS990105,0.22777697407782121,0.9572782987105953,0.4731753096043605,6
CHOP780215,0.20324639255717047,0.9618792386450357,0.473687266134183,9
LEVM760104,0.2684077216812632,0.9496576220846674,0.4741789989058291,5
QIAN880102,0.2207639686263606,0.958593653457278,0.4742565785195385,6
GOLD730101,0.18961466354274628,0.9644359968835281,0.4745298019787146,7
WIMW960101,0.29012618765005765,0.9455841207163249,0.4766167029558477,5
CHOP780204,0.15516326207182174,0.970897679363072,0.47697432834246417,10
RICJ880105,0.19974554056061478,0.9625358561712839,0.47856159337961107,6
TANS770104,0.2715215524574129,0.9490735940071017,0.48028471646244075,4
QIAN880114,0.21869756239748123,0.9589812272671864,0.4807315980995105,5
GEIM800101,0.24327755565461628,0.95437101969955,0.48089441892258433,6
ZIMJ680105,0.18652392570409618,0.9650156936647382,0.48140139147518085,10
RICJ880114,0.20660461377880793,0.9612493728542754,0.4817761464663962,6
GEIM800104,0.2382383802702838,0.9553161641610828,0.4817897866546422,7
VASM830101,0.2475146810601027,0.9535763072110212,0.4820111988555358,4
QIAN880130,0.2126240691063169,0.9601203677234104,0.4820266497009341,8
YANJ020101,0.19914848543654035,0.9626478394424959,0.48410072166712814,10
CHOP780208,0.1796761839998874,0.9663000516503449,0.48493347494373384,9
BEGF750101,0.2059158659447219,0.9613785539506117,0.4855395514711739,7
QIAN880123,0.250850897330907,0.9529505686545442,0.4855617268488809,4
SNEP660102,0.28580071280930347,0.9463954039675389,0.4856147414338971,4
KARS160121,0.24018814224722718,0.954950468071293,0.4859152951665362,7
RACS820107,0.1929195417086171,0.9638161360816546,0.48602057831011203,7
VINM940104,0.2579885439601708,0.9516118362895223,0.48676985818915813,5
SUEM840101,0.22180088181724908,0.9583991706927952,0.48713410055490786,6
ZIMJ680103,0.20443603270967842,0.9616561105108462,0.48728762351075466,10
NADH010107,0.18369575070208438,0.9655461443308745,0.48757223742197414,8
TANS770106,0.18193997524181563,0.9658754564356145,0.4880684273450798,8
FASG760102,0.23469846947907466,0.9559801075294828,0.48853259068051574,6
OOBM770101,0.22650984274444264,0.9575159610403291,0.4900247488843904,9
QIAN880101,0.21400971410229636,0.9598604770481081,0.49023443651029663,5
RACS820108,0.2305240321436037,0.956763062284323,0.49079348680656093,6
AVBF000106,0.20187665899548793,0.9621361449820577,0.4908153768514171,7
NAGK730103,0.2610778495523122,0.951032408139537,0.490863315625069,6
WERD780102,0.18195674229570008,0.9658723116178801,0.4912011991891969,9
LEVM780104,0.21512135926441942,0.959651977603648,0.4917709769158344,9
OOBM850105,0.29635081327279167,0.9444166339781703,0.49204382236532307,3
NADH010106,0.1815719877370153,0.9659444759329625,0.4942257752761117,8
ISOY800101,0.21248867888412482,0.9601457614255324,0.49483986316574924,7
DAWD720101,0.22061792747237752,0.9586210448412477,0.49498125608492954,6
QIAN880103,0.2799912157582741,0.9474850294604605,0.49511438870520447,4
GEOR030105,0.1517700280053867,0.9715341121402576,0.4958624072220396,9
ROSM880103,0.19499848099504472,0.9634262115796142,0.49590121552244043,10
NAGK730101,0.22893678730215322,0.9570607648956783,0.4960625089585544,7
GUYH850105,0.16952040195809065,0.9682048635326983,0.4963016559178805,10
ZIMJ680101,0.14256170342691413,0.9732612195162779,0.49692085385373647,10
NAGK730102,0.22703861208170065,0.9574167854069325,0.4970201211273141,6
NADH010104,0.22602326381529939,0.9576072234681875,0.49727461278604185,5
BAEK050101,0.19847326564326692,0.9627744832282855,0.49730434813630664,9
KIMC930101,0.213733277903074,0.9599123252420556,0.49843214505384886,6
BUNA790103,0.17066799054392912,0.9679896225630358,0.5009233579068553,10
RADA880108,0.23446061197732534,0.9560247199279938,0.5010326792070474,7
JUKT750101,0.1969444599760811,0.9630612250260792,0.5024973152069105,10
KANM800103,0.2666428102074438,0.949988647734174,0.5025233369765194,4
CHOC760103,0.2611707580901833,0.9510149822745292,0.5026788220977337,8
MEIH800102,0.22892322697860887,0.9570633082611533,0.5027003708433463,8
KARS160118,0.17722148170266475,0.9667604540185867,0.5027317988147829,10
DIGM050101,0.2769523565595547,0.9480549959176665,0.5029300994791395,5
RICJ880106,0.2723174748055194,0.9489243113285384,0.5032972483351679,4
GEOR030106,0.20178946430947087,0.9621524991607235,0.5039546246330776,7
KARS160119,0.22651048305741983,0.9575158409436431,0.5041174334381922,6
QIAN880120,0.2113801890115202,0.9603536690659402,0.5046003228602374,7
NAKH920103,0.23513438287191324,0.9558983478967004,0.5049955252445715,6
BURA740101,0.22917804175329373,0.9570155153675463,0.5050910093945997,7
CHOC760102,0.2563890260459415,0.9519118408304352,0.5051080968665725,8
PRAM900104,0.21773260099067043,0.959162214801789,0.5053345459646931,8
CRAJ730103,0.23375809546815068,0.9561564834680852,0.5059169246829288,6
GEIM800111,0.1638382388447279,0.9692706063549901,0.5061733098226323,10
GUYH850102,0.20097512396855619,0.9623052363060531,0.5078913869290759,10
ROBB760113,0.19144999311274732,0.9640917636616467,0.5085871933108524,10
NAKH920104,0.2033512161828393,0.9618595779939009,0.5090204135985031,8
BULH740101,0.28124636845553824,0.9472496138359348,0.5095677376923401,5
AURR980119,0.19477660409177786,0.963467826667455,0.5098363042206983,8
BUNA790101,0.1635141710051946,0.9693313883084518,0.5109125264064618,10
ROBB760110,0.25647684308640717,0.9518953699233732,0.5110417603278811,7
QIAN880113,0.23247976744431514,0.9563962458418076,0.5111500685819127,7
CASG920101,0.21928941578546662,0.958870219630216,0.5119139935996314,10
PALJ810109,0.22608969965514925,0.9575947628052234,0.5126557360760898,5
CEDJ970102,0.20551664694217572,0.9614534312073884,0.5131997147527027,6
CIDH920101,0.3282866615752215,0.938426767016754,0.5133004633541932,4
LEVM780106,0.2878077673581687,0.9460189621201778,0.5149217394495896,4
GEOR030102,0.15367783457890213,0.9711762851786796,0.5157196809706709,10
WARP780101,0.18378192693950335,0.965529981171766,0.5158809066624269,10
CHOP780212,0.1750396165018792,0.9671696832382612,0.5159115511035317,10
BHAR880101,0.23453249069091084,0.9560112384031675,0.5159669716757213,6
ROBB760102,0.18673938997635697,0.9649752813258029,0.5173524453890385,9
NAKH920106,0.18933874223959557,0.9644877485039028,0.5175038727888562,9
AURR980112,0.27327377227305955,0.9487449487967572,0.5178639611667863,6
QIAN880134,0.16119330691982606,0.9697666880686222,0.5179101363307081,9
RICJ880117,0.21297127332831123,0.9600552463250841,0.5182848970707465,8
PONP800107,0.23818386911261086,0.9553263882384044,0.519263379848199,7
PONP800104,0.2671806601430989,0.949887768949641,0.519760540642819,4
DAYM780101,0.2508152122115761,0.9529572617323441,0.5203243168212254,5
RADA880101,0.24575031137838135,0.9539072312423538,0.5218622244686862,8
DESM900101,0.2784571044209751,0.9477727663862938,0.5219408796868308,6
LEVM780103,0.2241109171633818,0.9579659019639213,0.5223142590402298,8
FUKS010106,0.22697176960177892,0.9574293223390444,0.522629334165101,7
WILM950102,0.20450334791789565,0.9616434849141223,0.5226505406326795,6
ISOY800108,0.14895641529912726,0.9720618315116627,0.5261131345719448,10
WERD780101,0.24977383820055277,0.9531525811653535,0.5264190532668548,7
LIFS790101,0.24050948224086013,0.9548901977508363,0.5265907076978165,8
PALJ810107,0.30446728487749253,0.9428943138366205,0.5267202411069878,4
JOND920101,0.24566007517648628,0.953924155885762,0.5277481332883094,4
ZIMJ680102,0.2316411009157294,0.956553545591094,0.5280189241555325,8
MUNV940105,0.20358538507918522,0.9618156574278232,0.5284699483591023,8
NAKH900104,0.2070039802154899,0.961174467944848,0.5286485423473056,7
FUKS010110,0.3124570327252562,0.9413957619205993,0.5287710668206765,3
PALJ810108,0.23007128665858967,0.9568479789333794,0.5287815606500582,5
MEEJ800101,0.3803192511477221,0.9286675683179817,0.5294058016416291,3
GEOR030103,0.2039290235992455,0.9617512048102353,0.5306162191031139,8
MAXF760106,0.23855780092958892,0.9552562538297258,0.5315064504014275,6
RICJ880113,0.19459892676761678,0.9635011517109519,0.5316274886402174,10
RACS820110,0.21102202544859608,0.9604208459911318,0.5328423850245686,9
MIYS990104,0.20673841054390027,0.9612242780199317,0.5329559962410343,9
ROBB760112,0.17629275682090506,0.9669346450540907,0.5330269699962739,10
CHAM820101,0.20540516249574728,0.9614743411577378,0.5330471560494303,8
TANS770105,0.22339020583852925,0.9581010781118217,0.5341743243308342,7
PALJ810103,0.25328061401133356,0.9524948525723576,0.5365142853652912,8
QIAN880105,0.21065051577238106,0.9604905261046623,0.5365268926069852,7
MUNV940104,0.2150170407284183,0.9596715435204929,0.5366241124784832,10
QIAN880115,0.22717593656254434,0.9573910289165143,0.5378989859149425,6
TSAJ990101,0.21448019006375954,0.9597722348824069,0.5380644950798515,10
PALJ810101,0.22105442756031563,0.9585391751683136,0.5380742728043292,9
RACS820102,0.1602480796624788,0.969943974278971,0.5382667614733235,9
WERD780104,0.20578216534328914,0.9614036307485617,0.5384979431025051,9
OOBM850103,0.1967545906626126,0.9630968367911703,0.5391227349772884,8
CHOP780213,0.2058024115012224,0.961399833392332,0.542230492264775,8
TANS770109,0.19335069713972777,0.9637352688490829,0.5428390843504293,8
RICJ880107,0.23508949553382866,0.9559067669366718,0.5435240250143437,9
HARY940101,0.20938430774113204,0.9607280152604485,0.5435436091622191,10
LIFS790103,0.19983063741800758,0.962519895459992,0.5452254469393834,9
AURR980117,0.18238763310368528,0.96579149401785,0.5456738149140022,10
NADH010103,0.2201553642965908,0.9587078028900077,0.5469461754235353,8
ROBB760107,0.22205448929632376,0.9583516042387686,0.5470654934449861,9
WOLS870102,0.2264239882520678,0.9575320638531462,0.5481007342068301,10
QIAN880135,0.16101916108626585,0.969799350748036,0.5499830060387078,10
WILM950101,0.24350941667298762,0.9543275319975659,0.5503820543724945,8
VASM830102,0.22952848138208315,0.9569497871384234,0.5506399649432867,9
QIAN880126,0.23422993435562942,0.9560679856728661,0.5531960982952282,7
TSAJ990102,0.22460669276442016,0.9578729146142566,0.5550526739198958,10
RACS820105,0.20074719649100412,0.9623479862356764,0.5557415324616302,9
GEIM800105,0.238078398869923,0.9553461701686072,0.5565660777433632,8
MCMT640101,0.24106188712823787,0.9547865890490134,0.5570540395284338,10
BURA740102,0.22168265807197082,0.958421344661659,0.5572352214365022,8
SIMZ760101,0.24736854364963778,0.9536037166487941,0.5584295050947228,7
PARS000102,0.2140686257741141,0.9598494276132122,0.5584508317588351,7
KRIW790103,0.21184321091221256,0.9602668249790349,0.5588785096386856,9
MEEJ800102,0.22145888623949966,0.9584633151611904,0.5589948190218695,10
CHOP780203,0.2153131891025855,0.9596159981238181,0.559083194105872,10
KUMS000101,0.2542084436163579,0.9523208294543765,0.5593754394615688,4
AVBF000107,0.18899132318774295,0.9645529101955778,0.5598360246254179,10
ONEK900101,0.21057693128379676,0.9605043275635392,0.5605376982094562,9
CHOP780214,0.17183534119230723,0.9677706750337611,0.5614929578612551,10
AURR980116,0.39483940306809995,0.9259441780563865,0.561496365388597,3
RACS770102,0.22467077798063304,0.9578608948327347,0.5625724580583894,10
QIAN880107,0.19147551933028606,0.9640869759808676,0.5644535395425921,10
EISD860103,0.22121318013302632,0.9585093996389048,0.5654215197212548,10
KRIW710101,0.22412477661997618,0.9579633024932458,0.5684564275455612,10
QIAN880127,0.24725675078441747,0.9536246844459718,0.5688106350017628,7
BIOV880102,0.21617394189609704,0.95945455588903,0.5692067597968185,9
KANM800102,0.2114665328577012,0.9603374744702412,0.5704275338941841,10
MIYS990102,0.22151277441045042,0.9584532079308539,0.5705245085233175,10
BASU050102,0.20998843432616815,0.9606147056706122,0.571469622679944,10
GEOR030109,0.2194405923384027,0.9588418650541548,0.5723124299172266,7
VINM940101,0.21785400782178144,0.9591394438154142,0.5726219931572633,8
ARGP820102,0.22824784156261638,0.9571899831110324,0.5727196828987352,7
ARGP820101,0.2463306565166521,0.9537983820852239,0.5727399304025383,7
PONP800108,0.21042934162444238,0.9605320093841704,0.5727673774550874,10
ISOY800103,0.20085749760356028,0.9623272982306593,0.5734723165814756,10
MIYS990103,0.2333822137582805,0.956226983597408,0.5746301990009537,9
CHOC760101,0.22432588153624144,0.957925583385793,0.575217233821014,10
AURR980106,0.3256230532246522,0.9389263516686517,0.5767741620462236,6
CHOC750101,0.2041769409454333,0.9617047055938366,0.5771156237026819,10
MUNV940102,0.19942550390431873,0.9625958820386363,0.5782003462783198,9
GEOR030101,0.27201995067374973,0.9489801147614153,0.5782380352954327,8
KUHL950101,0.3349814529996365,0.9371710962862656,0.5789086039864063,7
LEWP710101,0.43039823632854113,0.9192747863898114,0.5806452486348168,2
FUKS010105,0.22594948232582512,0.9576210618764234,0.5837002961053133,9
BULH740102,0.2146855144959762,0.9597337243652834,0.5842629574632293,8
GOLD730102,0.2844061459878152,0.9466569680146377,0.5851947782001459,7
ROSG850101,0.18839269204212228,0.9646651890643672,0.5853654311735156,10
TAKK010101,0.19884618515091318,0.9627045386876876,0.5863713679594715,10
SNEP660103,0.1919495729701548,0.9639980627881288,0.5873013871442367,10
CEDJ970105,0.3550593366924635,0.9334053014638473,0.5879928912800795,5
CIDH920104,0.2303443451208366,0.9567967642655847,0.588329021029748,10
MUNV940101,0.18890715040828085,0.9645686975874133,0.589514001485916,10
ROBB760108,0.23123310867452626,0.9566300683508139,0.5896967765931723,7
COWR900101,0.2407352216327102,0.9548478582171459,0.5898229551043679,7
GUOD860101,0.2129395239684472,0.9600612012143952,0.5904358664764602,10
QIAN880133,0.22254453217851977,0.9582596921141259,0.5910242720500103,9
GEIM800108,0.4068244448247721,0.9236962714102359,0.5917656641149843,3
JOND750101,0.2469252144101932,0.9536868671929485,0.5917675568423192,7
PALJ810105,0.2951504491434008,0.9446417734944975,0.5923482010347614,7
HUTJ700103,0.21517169591351865,0.9596425364944426,0.595134646401657,10
GEIM800102,0.15264001113806153,0.9713709386690521,0.5952715364553619,10
SUEM840102,0.469109558037601,0.912014116037735,0.5955614278095722,2
QIAN880132,0.2151229959646509,0.9596516706252158,0.5965289766776143,8
NAKH900106,0.25130890256216243,0.9528646654908995,0.5990966855002736,9
FAUJ880109,0.41830177900096466,0.9215435900680629,0.6000628728416972,5
NAKH900111,0.2143439277744731,0.9597977921488667,0.6001426496282827,10
CORJ870105,0.20646367007120156,0.9612758081645141,0.6016575645483399,10
MONM990201,0.24588896215121472,0.9538812259934716,0.6033958434221706,8
BEGF750102,0.39235534383026804,0.926410086593338,0.6037086410569491,5
BIGC670101,0.23578977432431947,0.9557754231016429,0.6047726107382428,9
ROBB760103,0.3600777062467488,0.9324640593302822,0.6055844390022306,5
FAUJ880104,0.2612368602944395,0.9510025841880403,0.6059678356995152,10
RICJ880104,0.24596825289776572,0.9538663542725574,0.6114803761655059,8
VASM830103,0.21343944242766089,0.9599674368329425,0.6116384687124986,8
RICJ880101,0.2174679170232973,0.9592118587547653,0.6131633683554669,9
RICJ880102,0.2174679170232973,0.9592118587547653,0.6131633683554669,9
CHOP780211,0.34818500753853404,0.934694646174252,0.6139813599716278,4
RACS820103,0.2454112509036251,0.9539708252047384,0.6144415069147369,8
MIYS990101,0.2270620380925079,0.9574123916395635,0.6147401577944464,10
PRAM900103,0.24397952983816695,0.9542393578777001,0.6178808225268688,9
LEVM780102,0.24397952983816695,0.9542393578777001,0.6178808225268688,9
FAUJ880113,0.39997225355856825,0.9249814639528,0.6185598729578436,4
WOLS870103,0.23221803076371322,0.9564453370035917,0.61960372817178,9
GUYH850104,0.2386190984360107,0.9552447569092415,0.6196839264818873,10
AVBF000103,0.23924437031116003,0.955127481322528,0.6198014499730785,10
HOPT810101,0.3963793649728864,0.9256553438019158,0.622393407564992,4
NAKH900101,0.21644576835466864,0.9594035722950444,0.6226861963009714,9
RICJ880109,0.22239198990024253,0.958288302844745,0.6236726183348384,10
PALJ810110,0.21020442817582277,0.9605741940044851,0.6249323580035594,10
LEVM760103,0.3354262965078391,0.9370876617268467,0.628900781170663,6
AURR980115,0.3024757633888458,0.9432678423132975,0.6311163246911898,7
LEVM760101,0.3888540173285758,0.9270667931174613,0.6335211125959607,4
OLSK800101,0.22137581678299054,0.9584788956144897,0.6350039718329767,10
AURR980120,0.3897730545438127,0.9268944190943971,0.6365298919346717,4
FODM020101,0.3752735781443807,0.9296139314687148,0.6372638720335455,5
CORJ870102,0.2253323824423735,0.9577368047296827,0.6386236001364152,10
MUNV940103,0.2426896578507367,0.954481285429735,0.6401543914095904,9
OOBM770105,0.22228283002977503,0.9583087767991374,0.6417343937247691,10
BASU050103,0.29330597408617554,0.9449877220380216,0.6435671768390187,10
ROSM880102,0.34800991983374574,0.9347274855104215,0.6447166255750834,7
SWER830101,0.21787753493457296,0.9591350310854226,0.6465878641352191,10
CIDH920103,0.33654666843258957,0.9368775254964572,0.6467953478365293,7
AVBF000105,0.2300434288393561,0.9568532039278578,0.6481916304657664,10
CHOC760104,0.3774781272525438,0.9292004476701085,0.6488790269546921,7
CHAM830101,0.41917018592134353,0.9213807122302117,0.6556296033995276,5
EISD860102,0.1841937214878031,0.9654527452537972,0.6566393537712815,10
ZHOH040103,0.23510657783065278,0.9559035629921764,0.6566893221660761,10
JANJ790102,0.23771263226792194,0.955414773114869,0.657041761265226,10
TANS770102,0.15043901918221758,0.9717837552904803,0.6578133117288071,10
AURR980105,0.4560916023810423,0.9144557553439461,0.6586504810739523,3
LIFS790102,0.273800944690509,0.9486460726806025,0.6617967937342607,10
NAKH920105,0.3335580955671431,0.9374380602816617,0.6667565770558227,8
AURR980108,0.4292763203315911,0.9194852122253795,0.6701854686750444,4
RICJ880111,0.22611340821731662,0.9575903160427048,0.6822482120755943,10
GEIM800109,0.40344411200920755,0.9243302844371891,0.6823374766994685,4
CIDH920105,0.36667352139608694,0.9312269525256501,0.6884333377745492,7
ROSG850102,0.24123248871757969,0.9547545911257428,0.6919404388474684,10
FINA910104,0.48599309542624636,0.9088474507330156,0.6940529518157124,5
KUMS000104,0.44539470899915257,0.9164620577177301,0.6955407664861945,5
KRIW790101,0.25082177653649096,0.9529560305318274,0.6956004152979942,10
FINA910101,0.5046595387348407,0.9053463847521632,0.6977404573164333,3
QIAN880125,0.2923712318963305,0.9451630416759211,0.6990897442441893,10
LEVM780105,0.23230729016804236,0.9564285955677004,0.6996202790785615,10
VINM940102,0.248861884672554,0.9533236265766412,0.7030604755987103,10
WILM950104,0.37145734509795675,0.9303297016597982,0.7054900599099567,7
PALJ810111,0.403908206510695,0.9242432391739756,0.7077614397183885,3
NAKH920102,0.25746224110576854,0.9517105493109967,0.7123761032786977,10
FAUJ880107,0.2241503224923871,0.9579585111260115,0.7152490226570879,10
YUTK870102,0.20497887759936062,0.9615542948759807,0.7153941323427756,10
FINA910103,0.4453995400516325,0.9164611516086654,0.7174382198060678,3
RICJ880112,0.38991707980757395,0.9268674058094878,0.7176231938641664,7
AVBF000102,0.3087027865072326,0.9420999059024158,0.7192694735247086,8
WEBA780101,0.20008564057736664,0.9624720672330779,0.7192971571175156,10
OOBM770104,0.24683812375445005,0.9537032018597638,0.7207622276873535,10
FUKS010104,0.3310512779561658,0.937908237364296,0.72306291601052,9
PONP800105,0.4207580187888022,0.9210828993290802,0.7270019006960553,4
RACS820109,0.3701934095892354,0.9305667645827354,0.7327480454130878,9
NAKH920101,0.326464512286183,0.9387685281537002,0.7328485138435712,9
CEDJ970101,0.2292711304249919,0.9569980557167549,0.7394606226319634,10
BIOV880101,0.25362678528486826,0.9524299249131734,0.7455143183771441,10
EISD840101,0.2273805223834305,0.9573526569328521,0.7471345547591473,10
RACS770101,0.22562222178819913,0.9576824426502653,0.7481347637778386,10
ISOY800105,0.21504187257056895,0.9596668860763103,0.7488838006603171,10
FINA910102,0.4829270595055661,0.9094225144385382,0.7573591352370722,8
FASG760103,0.3365041444638641,0.936885501264407,0.7589416425261857,8
ROBB760109,0.4002808757441826,0.9249235789761535,0.7608344296015225,6
GEIM800110,0.319684469731839,0.9400401885307371,0.7630538299408143,8
BROC820101,0.43618374590405307,0.918189659972215,0.7636265618293799,5
FUKS010108,0.24117463203169234,0.9547654426881629,0.7666104415217703,10
PTIO830102,0.3584240434119071,0.9327742192573315,0.7791246351363409,10
GARJ730101,0.3140351388492051,0.9410997733611618,0.7881652622923085,10
LAWE840101,0.3141723462244039,0.9410740388350023,0.7972887840679441,9
PALJ810116,0.4309152620363534,0.9191778133839247,0.7976157103174127,5
KRIW790102,0.19363104098743214,0.9636826877391247,0.806099899294149,9
ONEK900102,0.26920895496538616,0.9495073432903951,0.8063172533103772,10
CRAJ730102,0.21749968026195451,0.9592059012623568,0.8079314022567984,10
FUKS010111,0.22361955874588274,0.9580580608295108,0.8168641439292202,10
ZASB820101,0.43443999212887935,0.9185167172975081,0.8209506151705408,7
FUKS010107,0.24716603426961134,0.9536416991765576,0.824221729678464,10
MONM990101,0.2153995096735261,0.9595998078936082,0.8272313148671719,10
PALJ810104,0.3180396125572866,0.9403486968738629,0.8312845258020348,10
WOLS870101,0.35582063375092854,0.9332625130821159,0.831403815294293,10
MEIH800103,0.3568878982716215,0.9330623376419318,0.8336907413837435,10
ROBB760104,0.201355994918739,0.9622338003980585,0.8519335718828002,10
ZHOH040101,0.26906841166055195,0.9495337035013499,0.8574624008252743,10
FAUJ830101,0.3375584933375381,0.9366877482745875,0.8575967736014005,10
RACS820104,0.1910680200735784,0.9641634062767357,0.8580890032320992,10
AURR980114,0.3556936403304598,0.9332863318855614,0.8674877339894458,10
KLEP840101,0.6228034444369885,0.883187390547392,0.8705648879403409,2
NAKH900102,0.3347254200540502,0.9372191176592155,0.8812630093030858,10
FAUJ880103,0.3157562594125313,0.9407769611063798,0.8821690253126576,10
MAXF760102,0.3124785077744203,0.9413917340743286,0.8884054680160717,10
CHAM830108,0.7233135614580363,0.8643357782923743,0.8913522616757417,2
FAUJ880112,0.7914712573337552,0.8515521651305729,0.9096075599552502,2
NAKH920107,0.27377529426019115,0.9486508836586498,0.9122469072572542,10
GRAR740101,0.26244856164295527,0.950775318270259,0.9124510323993064,10
KARS160117,0.29113374099824335,0.9453951446648666,0.9211258725998142,10
KANM800104,0.3403436367865117,0.9361653685785847,0.9548872929307244,10
PLIV810101,0.4188860502118981,0.9214340045392948,0.9593565069639808,10
PRAM820101,0.179771781841702,0.9662821213812365,0.9651417518610984,9
COHE430101,0.19258438576485803,0.9638789977127418,0.9804739540652659,10
RACS820112,0.22657884598834338,0.9575030188367291,0.9928619648337816,10
FUKS010103,0.2967486868061496,0.9443420090767206,1.0000544666123656,10
PONP800103,0.2878910028294221,0.946003350529261,1.0317508783361145,10
NAKH900113,0.3765360874178616,0.9293771360495329,1.0408477207676174,10
NAKH900109,0.3779923717838803,0.9291039962998748,1.0993827464349863,10
RICJ880110,0.30438441941063504,0.9429098560297531,1.1009725769484586,10
CHOP780216,0.36707342797226855,0.9311519463080091,1.1308787440210413,10
HUTJ700102,0.2664481746539825,0.950025153452142,1.1327428962756132,10
PONJ960101,0.4565132696186107,0.9143766677107914,1.2027661202154456,10
AVBF000108,0.317744176270201,0.9404041087119471,1.2067420878767001,10
BUNA790102,0.3375716201944415,0.9366852862098342,1.2214607583544361,10
ROBB760105,0.4116135125871375,0.9227980369718041,1.235263143470633,10
HUTJ700101,0.41953159680622043,0.9213129262394242,1.3762022443944033,10
BLAM930101,0.353631326951369,0.9336731380432224,1.3903215180820745,10
PALJ810106,0.21695783449447495,0.9593075295025111,1.3940917630946592,10
FAUJ880102,0.5145709786927253,0.9034874015123386,1.4245162249904344,10
OOBM770102,0.4430843467310898,0.9168953877638689,1.4648492641505393,10
ANDN920101,0.621144771324667,0.8834984901988306,1.4932354246450654,10
JANJ780103,0.5230579290514519,0.9018955946163543,1.5700058344466554,10
GEIM800107,0.18522438806724553,0.9652594340996993,1.6548795880704879,10
TANS770110,0.635410034906916,0.8808229066283542,1.730659819764706,10
KARS160105,0.5200244848053743,0.9024645454485605,1.9604390075872975,10
AURR980113,0.37606916209811725,0.9294647122591798,2.0062639117014247,10
KOEP990101,0.6561691830017368,0.8769293342972614,2.0176660495805487,10
KOEP990102,0.6105494728431656,0.8854857374990961,2.1054897428009784,10
SUYM030101,0.73201630418721,0.8627034975195721,2.1625317905563937,10
YUTK870101,0.4275390751047619,0.9198110488115732,2.374775245035874,10
MIYS850101,0.843770366749803,0.8417429781430816,2.5227017061723043,10
JURD980101,0.7398515743620443,0.8612339193355336,2.5708225357236363,10
RADA880106,0.6912584554663246,0.8703480131485202,2.6888427908359476,10
GEOR030108,0.7283674634222252,0.8633878717230903,2.870701996529814,10
NADH010102,0.7844428032491915,0.8528704174128445,2.888084165390707,10
CEDJ970103,1.4609246820617674,0.7259899156793721,3.2725642353323146,10
MITS020101,2.3000032642117656,0.5686128818941129,3.4199948444086585,5
FASG760101,1.419245059961363,0.7338073185245797,3.512283702436376,10
QIAN880118,2.0391932459945417,0.6175302394833555,3.58229091184692,6
AVBF000104,0.752187115892989,0.8589202731794124,3.589526443814927,10
GRAR740103,1.255916893419274,0.7644410433398603,3.6043742182412863,10
KARP850103,2.5871501741042295,0.5147557940112516,3.637959708335749,3
PONP800102,2.3775260650431322,0.5540727557305958,3.6966513392514777,3
KARS160107,2.3864639928806675,0.5523963637916505,3.707788621200026,3
KARS160110,2.131459986081953,0.6002247496509425,3.731290321896816,6
AURR980109,1.5169647711144745,0.7154790729814469,3.847127360990345,10
CHAM830106,2.4945570550199907,0.532122499276287,3.880903526160148,2
LEVM760102,2.396012686735438,0.5506054169752785,3.8815846463954187,5
KARS160114,2.199111241664167,0.5875361241015966,3.891538639632492,8
KYTJ820101,2.141766651933107,0.5982916380993232,3.8971193780527313,6
BEGF750103,2.2903611410697144,0.5704213522469135,3.9566645412340753,5
KARS160103,2.3783852382510866,0.5539116097618486,3.9569116193359655,3
NADH010101,1.9115763805918926,0.6414659758557222,3.9657628690578646,7
KARS160101,2.514357446130585,0.5284087507823274,3.9835137159132437,4
KARS160102,2.311018664630894,0.566546840547333,4.000667053813518,4
LEVM760105,2.368623319218142,0.5557425489541232,4.021667627127019,5
CHOP780205,2.6745068831149066,0.4983712264179332,4.022441931780055,2
FINA770101,2.4051726310146666,0.5488873837767556,4.034442596645285,4
QIAN880131,1.2464453112301443,0.7662175271423177,4.065396676918261,10
KARS160116,2.479286483005372,0.5349866378432695,4.122166647799059,3
KHAG800101,2.6698386741621727,0.4992467926565429,4.187088858308211,4
QIAN880119,2.5058447207308214,0.5300053920282646,4.193193720785367,3
KARS160112,1.78181825685199,0.6658033252508184,4.21431363801594,9
JUNJ780101,2.474692718998763,0.535848241236145,4.238139237740251,2
JOND750102,2.2096313888859664,0.5855629721227811,4.267943933525868,6
WILM950103,1.949572298598938,0.6343394861572546,4.270648822069919,9
YUTK870103,2.0844552250090054,0.60904093210252,4.280943539653898,9
PONP800101,1.5860258954966568,0.7025260133558588,4.2935769673453805,10
VINM940103,2.007661322498023,0.623444346570573,4.32342314757028,10
RADA880102,2.6984202064630742,0.4938860590253401,4.3607795328164976,5
JANJ780101,2.2165442384970113,0.5842664025404636,4.384191148306686,8
WOLR790101,2.8485165269098878,0.46573409066800864,4.501236257523496,5
YUTK870104,0.3311774031836576,0.9378845813985611,4.508076167385192,10
ROBB760106,1.7583979391337892,0.6701960248277216,4.513751898799929,8
KIDA850101,2.228804379560695,0.5819668984470001,4.5568374240708795,8
KARS160113,2.748984296341532,0.4844022911752147,4.565104155798801,5
ROBB760111,1.872664140503284,0.648764330328546,4.595318414465635,9
JANJ790101,2.513080477934557,0.5286482581076295,4.704558965399181,8
KARS160104,2.7153029943345595,0.4907195342995724,4.838761479409864,8
BROC820102,2.71072505064369,0.49157817044430496,4.892656294934736,7
FAUJ880101,2.4561750879523947,0.5393213960857659,4.945607873921271,9
KARS160111,3.2192724060666555,0.39619535882404955,5.05569393994373,9
CIDH920102,3.4184315105362306,0.35884120656760776,5.145015267502788,2
LEVM760106,3.411647829761162,0.3601135493269604,5.153429552549973,4
AURR980102,2.754254107756397,0.4834138887696211,5.163033538420479,5
LEVM760107,3.125921994177141,0.41370410143568936,5.170670790955957,4
KARS160120,3.37455003918455,0.367071586828018,5.182774635337709,5
AVBF000109,1.6407384424004257,0.6922641636009896,5.188086587874068,10
CHAM830107,4.711676912763174,0.11628093904487258,5.244068308764594,2
NOZY710101,3.343466385548785,0.372901616711358,5.282179376812263,5
FAUJ880111,4.1087963489888155,0.229356825942713,5.353912789759021,2
VENT840101,4.747753833161459,0.1095143752912836,5.365823062747433,2
KARS160108,4.140955186391381,0.22332513529053333,5.427355987117829,2
KARS160122,3.961423859526624,0.2569979143300256,5.559516661294254,2
KARS160106,4.113487909195996,0.2284768799579887,5.562639831175072,2
CHAM830105,4.704582608265348,0.11761154218787806,5.645744768297837,2
KARS160109,4.1834045944731555,0.21536335188672884,6.082710890686572,4
CHAM830103,5.0163057797034245,0.059144946654769215,6.135530754650875,3
CHAM830104,5.032436039525489,0.0561195656010931,6.1537712725230085,2
CHAM810101,4.668834499006188,0.12431643433781514,6.417719957820729,3
FAUJ880105,5.325219862150192,0.0012052220280280856,6.438577726942314,2
